coreid,identifiedBy,dateIdentified,identificationQualifier,scientificName,identificationIsCurrent,scientificNameAuthorship,genus,specificEpithet,taxonRank,infraspecificEpithet,identificationReferences,identificationRemarks,recordID,modified
673861,"Jeff Brasher, 10/2000",s.d.,,"Pectocarya recurvata",1,"I.M. Johnston",Pectocarya,recurvata,,,,,urn:uuid:1aa7a7d8-60ec-418f-b539-f53e68db6149,"2023-07-16 05:07:11"
707832,unknown,s.d.,,"Pectocarya recurvata",1,"I.M. Johnston",Pectocarya,recurvata,,,,,urn:uuid:a0002dd8-1d49-40a4-9aa2-bf13a3d48494,"2023-07-16 05:07:11"
739125,unknown,s.d.,,"Pectocarya recurvata",1,"I.M. Johnston",Pectocarya,recurvata,,,,,urn:uuid:413fc8f8-211b-471b-9ebb-162ec9b09777,"2023-07-16 05:07:11"
739128,"Barbara Veno, 1977",s.d.,,"Pectocarya recurvata",1,"I.M. Johnston",Pectocarya,recurvata,,,,,urn:uuid:be5e5b08-7045-48a0-b6ab-a9e74d766284,"2023-07-16 05:07:11"
739130,"Elinor Lehto",s.d.,,"Pectocarya recurvata",1,"I.M. Johnston",Pectocarya,recurvata,,,,,urn:uuid:ca29d20a-827a-4191-836d-19b92c5c6342,"2023-07-16 05:07:11"
739131,"Elinor Lehto",s.d.,,"Pectocarya recurvata",1,"I.M. Johnston",Pectocarya,recurvata,,,,,urn:uuid:1cf56d41-f530-4abf-b72c-a59762fc497f,"2023-07-16 05:07:11"
739138,"Barbara Veno, 1977",s.d.,,"Pectocarya recurvata",1,"I.M. Johnston",Pectocarya,recurvata,,,,,urn:uuid:c5bd9b55-0e09-4779-aa34-ea63a6f36366,"2023-07-16 05:07:11"
739139,"Barbara Veno, 1977",s.d.,,"Pectocarya recurvata",1,"I.M. Johnston",Pectocarya,recurvata,,,,,urn:uuid:e38f784e-4474-49ba-95ad-aae182659f53,"2023-07-16 05:07:11"
739148,unknown,s.d.,,"Pectocarya recurvata",1,"I.M. Johnston",Pectocarya,recurvata,,,,,urn:uuid:3625743c-4ddc-4b73-8b26-a042537639bb,"2023-07-16 05:07:11"
739149,unknown,s.d.,,"Pectocarya recurvata",1,"I.M. Johnston",Pectocarya,recurvata,,,,,urn:uuid:f3f90e24-0461-47cc-b1e3-9a3d065667d4,"2023-07-16 05:07:11"
739171,unknown,s.d.,,"Pectocarya recurvata",1,"I.M. Johnston",Pectocarya,recurvata,,,,,urn:uuid:f3bdaecc-17c0-4c15-8937-e2b5078da521,"2023-07-16 05:07:11"
739172,unknown,s.d.,,"Pectocarya recurvata",1,"I.M. Johnston",Pectocarya,recurvata,,,,,urn:uuid:8810fbb9-a9c9-494f-a510-3b87376b45f7,"2023-07-16 05:07:11"
739183,"Barbara Veno, 1977",s.d.,,"Pectocarya recurvata",1,"I.M. Johnston",Pectocarya,recurvata,,,,,urn:uuid:fa146c05-a7f0-4023-ad13-c45edf2f8f5c,"2023-07-16 05:07:11"
768922,"R Gutierrez, 2005",s.d.,,"Pectocarya recurvata",1,"I.M. Johnston",Pectocarya,recurvata,,,,,urn:uuid:c3550ce5-df30-48a4-b918-c8ea79d4847d,"2023-07-16 05:07:11"
10373117,"Julia Fonseca",s.d.,,"Pectocarya recurvata",1,"I.M. Johnston",Pectocarya,recurvata,,,,,urn:uuid:93c84b65-692c-48f5-9e81-a6df1c7f3d09,"2023-07-16 05:07:11"
29887208,unknown,s.d.,,"Pectocarya recurvata",1,"I.M. Johnston",Pectocarya,recurvata,,,,,urn:uuid:b8ca49b3-57f8-4bd2-bec4-5bff1e5e3014,"2023-07-16 05:07:11"
850335,"R.J. Barr",1962-02-27,,"Pectocarya recurvata",0,"I.M. Johnston",,,,,,,urn:uuid:9716cf49-e8dd-4e0e-8d4f-ca3844292665,"2012-09-06 15:37:14"
850335,"Barbara Veno",1977-01-01,,"Pectocarya recurvata",0,"I.M. Johnston",,,,,,"As determined",urn:uuid:7aaeb8e2-a988-4648-bcab-5207c3fe54f3,"2012-09-06 15:37:14"
850358,"J.E. Bowers",1983-03-20,,"Pectocarya recurvata",0,"I.M. Johnston",,,,,,,urn:uuid:8c7d5545-ad30-4334-a0d6-f2d08fedb0ab,"2012-09-06 15:37:14"
850362,"B. Lund",1966-04-26,,"Pectocarya recurvata",0,"I.M. Johnston",,,,,,,urn:uuid:fb9daa72-7472-42fe-ba79-49510efe3801,"2012-09-06 15:37:14"
850362,"Barbara Veno",1977-01-01,,"Pectocarya recurvata",0,"I.M. Johnston",,,,,,,urn:uuid:7b9230e4-18ee-4c19-accc-c0f86ff9c340,"2012-09-06 15:37:14"
850375,"J.E. Bowers",1983-03-14,,"Pectocarya recurvata",0,"I.M. Johnston",,,,,,,urn:uuid:26419904-c886-42e7-8e18-9cb49a784722,"2012-09-06 15:37:14"
850412,"Steven P. McLaughlin",2001-01-22,,"Pectocarya recurvata",0,"I.M. Johnston",,,,,,,urn:uuid:1a6beae3-1659-405a-a10d-010599150f44,"2012-09-06 15:37:14"
850416,"Patricia P. Guertin",2001-02-22,,"Pectocarya recurvata",0,"I.M. Johnston",,,,,,,urn:uuid:ba6151e1-c3a5-42cd-85ec-0b8d5e2351b5,"2012-09-06 15:37:14"
850418,"Steven P. McLaughlin",2001-04-02,,"Pectocarya recurvata",0,"I.M. Johnston",,,,,,,urn:uuid:50221009-4fd5-4e32-b877-a02896f20d16,"2012-09-06 15:37:14"
850419,"Patricia A. West",2001-04-04,,"Pectocarya recurvata",0,"I.M. Johnston",,,,,,,urn:uuid:bf207225-cd9d-4365-b563-af785f6ac5f1,"2012-09-06 15:37:14"
850427,"K. Mauz",2004-04-08,,"Pectocarya recurvata",0,"I.M. Johnston",,,,,,,urn:uuid:a9eafe13-6c71-4282-9b36-7600319a01ae,"2012-09-06 15:37:14"
850428,"Steven P. McLaughlin",2003-03-29,,"Pectocarya recurvata",0,"I.M. Johnston",,,,,,,urn:uuid:1a641571-8b03-4431-830c-f425a46a9f90,"2012-09-06 15:37:14"
850433,"Jennifer Katcher",2005-02-23,,"Pectocarya recurvata",0,"I.M. Johnston",,,,,,,urn:uuid:ebfdc6c2-7b4b-4306-a795-e8240275b21f,"2012-09-06 15:37:14"
921348,"Erin Zylstra",2006-04-02,,"Pectocarya recurvata",0,"I.M. Johnston",,,,,,,urn:uuid:19e87054-e616-4ddc-8d73-b6c4220d9abb,"2012-09-06 15:37:14"
953517,"Joan Tedford",2007-03-03,,"Pectocarya recurvata",0,"I.M. Johnston",,,,,,,urn:uuid:9ef72794-7c94-4257-8529-de448e195d76,"2012-09-06 15:37:14"
953853,"Joan Tedford",2008-03-27,,"Pectocarya recurvata",0,"I.M. Johnston",,,,,,,urn:uuid:58131f35-136d-4884-a5a6-fb22a730a8e6,"2012-09-06 15:37:14"
3244538,"B Fink",1970-04-08,,"Pectocarya recurvata",0,"I.M. Johnston",,,,,,,urn:uuid:b203d9dd-c88a-4ae9-8ad5-8e5ceab5a2a0,"2012-09-06 15:37:14"
3244538,unknown,1970-04-08,,"Pectocarya recurvata",1,"I.M. Johnston",Pectocarya,recurvata,,,,,urn:uuid:25ea852c-a6ad-4bf3-9e0d-ea389857b2b0,"2023-07-16 05:07:11"
3244824,BF,1969-02-25,,"Pectocarya recurvata",0,"I.M. Johnston",,,,,,,urn:uuid:1c4c5b40-a0df-40af-97db-616b6bfacb2d,"2012-09-06 15:37:14"
3244824,unknown,1969-02-25,,"Pectocarya recurvata",1,"I.M. Johnston",Pectocarya,recurvata,,,,,urn:uuid:9be5458c-02d5-4d6c-a3d8-1af82176d113,"2023-07-16 05:07:11"
3244837,"B. Fink",1969-03-11,,"Pectocarya recurvata",0,"I.M. Johnston",,,,,,,urn:uuid:df8887d6-ff2a-44b9-9379-0aec63a36010,"2012-09-06 15:37:14"
3244837,unknown,1969-03-11,,"Pectocarya recurvata",1,"I.M. Johnston",Pectocarya,recurvata,,,,,urn:uuid:f91437bb-bfbd-46b1-b601-c9f5fbb41911,"2023-07-16 05:07:11"
3830903,unknown,s.d.,,"Pectocarya recurvata",1,"I.M. Johnston",Pectocarya,recurvata,,,,,urn:uuid:518a93d4-eb03-4426-bc96-29d1964a3a53,"2023-07-16 05:07:11"
3830912,unknown,s.d.,,"Pectocarya recurvata",1,"I.M. Johnston",Pectocarya,recurvata,,,,,urn:uuid:4bde03b2-ba20-4995-9ea2-03735bd3a127,"2023-07-16 05:07:11"
4559887,unknown,s.d.,,"Pectocarya recurvata",1,"I.M. Johnston",Pectocarya,recurvata,,,,,urn:uuid:c573c0ce-172b-4d47-b918-f016b279dd9c,"2023-07-16 05:07:11"
5563857,"R.M. Turner",1969-03-07,,"Pectocarya recurvata",0,"I.M. Johnston",,,,,,,urn:uuid:28b529b1-a737-4b6f-b29f-0e0fcc9c759f,"2012-09-06 15:37:14"
5563858,"J.J. Thornber",1913-03-26,,"Pectocarya recurvata",0,"I.M. Johnston",,,,,,,urn:uuid:7745b1e0-4fab-468f-970a-85dcd3293a62,"2012-09-06 15:37:14"
5563861,"J. E. Bowers, 1984",1978-05-21,,"Pectocarya recurvata",1,"I.M. Johnston",Pectocarya,recurvata,,,,,urn:uuid:264dcac1-4c82-4110-aca4-ddd7c8946377,"2023-07-16 05:07:11"
5563861,"J. E. Bowers, 1984",s.d.,,"Pectocarya recurvata",0,"I.M. Johnston",,,,,,,urn:uuid:e4ffa28a-21f8-4ba8-9201-dc462cdb7ebc,"2012-09-06 15:37:14"
5563862,"F. Shreve",1935-04-19,,"Pectocarya recurvata",0,"I.M. Johnston",,,,,,,urn:uuid:07db6c6c-4ffb-4922-9a2b-c85d1de8a47c,"2012-09-06 15:37:14"
5563866,"T. R. Van Devender",1988-02-26,,"Pectocarya recurvata",0,"I.M. Johnston",,,,,,,urn:uuid:676b4d24-aad8-472d-9a84-affd2ca823ac,"2012-09-06 15:37:14"
5563867,"S.P. McLaughlin",1974-03-13,,"Pectocarya recurvata",0,"I.M. Johnston",,,,,,,urn:uuid:719e95ca-4850-4e47-bfb8-370101a660f7,"2012-09-06 15:37:14"
5563872,"J.J. Thornber",1913-04-05,,"Pectocarya recurvata",0,"I.M. Johnston",,,,,,,urn:uuid:499fd117-6c74-4e99-afb5-a105ef7e55fa,"2012-09-06 15:37:14"
5563874,"J.J. Thornber",1905-05-06,,"Pectocarya recurvata",0,"I.M. Johnston",,,,,,,urn:uuid:9fedc7bb-ea9a-42c7-9e09-b578cabab8c6,"2012-09-06 15:37:14"
5563879,"F. Shreve",1920-03-03,,"Pectocarya recurvata",0,"I.M. Johnston",,,,,,,urn:uuid:45305e7b-ed26-4659-a234-683f244695ae,"2012-09-06 15:37:14"
5563884,"F.W. Gould",1945-03-11,,"Pectocarya recurvata",0,"I.M. Johnston",,,,,,,urn:uuid:130a92a6-f021-4ae4-90ff-3c9fb683ab61,"2012-09-06 15:37:14"
5563888,"J. E. Bowers, 1984",1978-04-23,,"Pectocarya recurvata",1,"I.M. Johnston",Pectocarya,recurvata,,,,,urn:uuid:faa717db-d3bf-4d38-8727-61598c1fd687,"2023-07-16 05:07:11"
5563888,"J. E. Bowers, 1984",s.d.,,"Pectocarya recurvata",0,"I.M. Johnston",,,,,,,urn:uuid:0ab3fae3-7a3d-43cd-9e6f-2245ad89948e,"2012-09-06 15:37:14"
5563891,"L. Benson",1941-03-11,,"Pectocarya recurvata",0,"I.M. Johnston",,,,,,,urn:uuid:0b7fae86-96ad-4492-a784-0f46c0e236c0,"2012-09-06 15:37:14"
5563892,"T. R. Van Devender",1988-02-25,,"Pectocarya recurvata",0,"I.M. Johnston",,,,,,,urn:uuid:5e66fffa-ea3b-4b42-83a4-19b5989bf3b2,"2012-09-06 15:37:14"
5563897,"K. Reichhardt",1985-03-13,,"Pectocarya recurvata",0,"I.M. Johnston",,,,,,,urn:uuid:770c1dbf-b3eb-4a6e-b958-25165d0f8aaf,"2012-09-06 15:37:14"
5563901,"Steven P. McLaughlin",1986-03-08,,"Pectocarya recurvata",0,"I.M. Johnston",,,,,,,urn:uuid:4f225c4b-4f2b-4162-a21b-94627b5b6627,"2012-09-06 15:37:14"
5563903,"J. E. Bowers, 1984",1979-03-25,,"Pectocarya recurvata",1,"I.M. Johnston",Pectocarya,recurvata,,,,,urn:uuid:934f9224-092f-42fe-bc95-e6e967a20a74,"2023-07-16 05:07:11"
5563903,"J. E. Bowers, 1984",s.d.,,"Pectocarya recurvata",0,"I.M. Johnston",,,,,,,urn:uuid:1f0d177f-edac-460a-bdf2-0fe2b33dfb2d,"2012-09-06 15:37:14"
5563904,"R.J. Barr",1968-03-20,,"Pectocarya recurvata",0,"I.M. Johnston",,,,,,,urn:uuid:5694f673-d910-4529-899b-0c7e52d1d6eb,"2012-09-06 15:37:14"
5563906,"S.P. McLaughlin",1988-03-19,,"Pectocarya recurvata",0,"I.M. Johnston",,,,,,,urn:uuid:d8e79d42-237d-4788-a64b-7a1252c93b5e,"2012-09-06 15:37:14"
5563907,"J.E. Bowers",1983-12-01,,"Pectocarya recurvata",0,"I.M. Johnston",,,,,,,urn:uuid:ec622974-9363-40cd-8363-c61abe0e2c0b,"2012-09-06 15:37:14"
5563908,"K. Reichhardt",1985-03-25,,"Pectocarya recurvata",0,"I.M. Johnston",,,,,,,urn:uuid:0d944d20-69ce-413e-8d6b-2df37006b656,"2012-09-06 15:37:14"
5563909,"J.J. Thornber",1908-04-01,,"Pectocarya recurvata",0,"I.M. Johnston",,,,,,,urn:uuid:81e33253-b145-4ef7-b2e9-ef1ad5bfef0e,"2012-09-06 15:37:14"
5563910,"L. Swingle",1916-03-01,,"Pectocarya recurvata",0,"I.M. Johnston",,,,,,,urn:uuid:c7911a87-7f88-450b-a68f-bb9f7d40f9ad,"2012-09-06 15:37:14"
5563911,"J.J. Thornber",1906-12-01,,"Pectocarya recurvata",0,"I.M. Johnston",,,,,,,urn:uuid:38226027-5b2c-4563-adea-732e390ce901,"2012-09-06 15:37:14"
5563913,"J.J. Thornber",1906-07-14,,"Pectocarya recurvata",0,"I.M. Johnston",,,,,,,urn:uuid:c016498d-b165-482e-ac62-40f08743bf6b,"2012-09-06 15:37:14"
5563921,"Steven P. McLaughlin",1986-04-05,,"Pectocarya recurvata",0,"I.M. Johnston",,,,,,,urn:uuid:006fb997-adec-496a-9b93-46379acb82f8,"2012-09-06 15:37:14"
5563922,"J.J. Thornber",1905-05-07,,"Pectocarya recurvata",0,"I.M. Johnston",,,,,,,urn:uuid:7c5708e5-a810-4bb0-95a4-7a0ee4180d1b,"2012-09-06 15:37:14"
5563925,"J.E. Bowers",1983-12-01,,"Pectocarya recurvata",0,"I.M. Johnston",,,,,,,urn:uuid:271b5a2a-f2c2-4e89-845e-867339d24697,"2012-09-06 15:37:14"
5563926,"J.E. Bowers",1983-04-08,,"Pectocarya recurvata",0,"I.M. Johnston",,,,,,,urn:uuid:b7d616c8-4448-41b9-8ef7-08403acb3a99,"2012-09-06 15:37:14"
5563928,"J.J. Thornber",1903-02-28,,"Pectocarya recurvata",0,"I.M. Johnston",,,,,,,urn:uuid:0c727170-090a-45a7-9950-dd0758909a38,"2012-09-06 15:37:14"
5563930,"R. Strandberg",1966-03-27,,"Pectocarya recurvata",0,"I.M. Johnston",,,,,,,urn:uuid:e5cc399b-fd93-4dbb-b989-7fa53624df99,"2012-09-06 15:37:14"
5563932,"L. Benson",1941-03-11,,"Pectocarya recurvata",0,"I.M. Johnston",,,,,,,urn:uuid:f75dbe72-5c80-41ab-9a4e-f0c2aca61839,"2012-09-06 15:37:14"
5563933,"L. Swingle",1916-03-01,,"Pectocarya recurvata",0,"I.M. Johnston",,,,,,,urn:uuid:860d4ea5-7758-451b-a3b4-315898c76730,"2012-09-06 15:37:14"
5585980,unknown,s.d.,,"Pectocarya recurvata",1,"I.M. Johnston",Pectocarya,recurvata,,,,,urn:uuid:d5004913-8a51-4388-952e-d9a119dec470,"2023-07-16 05:07:11"
7248883,"Julia Fonseca","march 8, 2014",,"Pectocarya recurvata",1,"I.M. Johnston",Pectocarya,recurvata,,,,,urn:uuid:5e21e5c6-359a-40bf-ae96-8d432d656dbe,"2023-07-16 05:07:11"
12723499,unknown,s.d.,,"Pectocarya recurvata",1,"I.M. Johnston",Pectocarya,recurvata,,,,,urn:uuid:e5807521-ddc4-46a4-ab2e-d4aab8844c5d,"2023-07-16 05:07:11"
12723611,"Julia Fonseca",s.d.,,"Pectocarya recurvata",1,"I.M. Johnston",Pectocarya,recurvata,,,,,urn:uuid:eed2f856-eb6c-48a6-9186-40485c69849e,"2023-07-16 05:07:11"
17757543,unknown,s.d.,,"Pectocarya recurvata",1,"I.M. Johnston",Pectocarya,recurvata,,,,,urn:uuid:49b14845-b49b-4036-8bca-de283145bc32,"2023-07-16 05:07:11"
21746266,"S. Carnahan",2018,,"Pectocarya recurvata",1,"I.M. Johnston",Pectocarya,recurvata,,,,,urn:uuid:9c901334-33b9-4ded-8b6d-a5a2ecce29aa,"2023-07-16 05:07:11"
30333536,"J. Verrier",2018,,"Pectocarya recurvata",1,"I.M. Johnston",Pectocarya,recurvata,,,,,urn:uuid:f7944e12-6267-4720-b201-67ed33fa888d,"2023-07-16 05:07:11"
30431990,"S. Carnahan",2020,,"Pectocarya recurvata",1,"I.M. Johnston",Pectocarya,recurvata,,,,,urn:uuid:3c0e8ebd-74f5-4726-914b-58ddc7430be3,"2023-07-16 05:07:11"
2092538,unknown,s.d.,,"Pectocarya recurvata",1,"I.M. Johnston",Pectocarya,recurvata,,,,,urn:uuid:273a3199-2b14-41d4-afa5-39e682a7acd2,"2023-07-16 05:07:11"
2092543,"USDA Sacaton-R.H. Peebles",s.d.,,"Pectocarya recurvata",1,"I.M. Johnston",Pectocarya,recurvata,,,,,urn:uuid:2c6ffe68-b86b-4560-be87-ec5d5c1fd8ee,"2023-07-16 05:07:11"
2092545,unknown,s.d.,,"Pectocarya recurvata",1,"I.M. Johnston",Pectocarya,recurvata,,,,,urn:uuid:13b34c81-60a2-4afe-9b8f-e900a3f382bb,"2023-07-16 05:07:11"
1092910,unknown,s.d.,,"Pectocarya recurvata",1,"I.M. Johnston",Pectocarya,recurvata,,,,,urn:uuid:8802ec9d-26c2-4852-aabc-3472a9d9a0fc,"2023-07-16 05:07:11"
3083911,"Elinor Lehto",s.d.,,"Pectocarya recurvata",1,"I.M. Johnston",Pectocarya,recurvata,,,,,urn:uuid:2c6b568e-7f30-4d65-a7ad-0f8a3a114438,"2023-07-16 05:07:11"
3083921,unknown,s.d.,,"Pectocarya recurvata",1,"I.M. Johnston",Pectocarya,recurvata,,,,,urn:uuid:f8d4ea68-52b3-48ef-bc0c-2895eeac0a1a,"2023-07-16 05:07:11"
3083959,unknown,s.d.,,"Pectocarya recurvata",1,"I.M. Johnston",Pectocarya,recurvata,,,,,urn:uuid:27d22c82-0b07-46a2-94ca-a8b5463a19fc,"2023-07-16 05:07:11"
4335883,unknown,s.d.,,"Pectocarya recurvata",1,"I.M. Johnston",Pectocarya,recurvata,,,,,urn:uuid:f98ff6d1-0ab8-40c8-96d9-30be0faea7f8,"2023-07-16 05:07:11"
367105,"I.M. Johnston",,,"Pectocarya recurvata",1,Jtn.,,,,,,,urn:uuid:efb58239-0f2e-41ae-afc6-778e33ce1c74,"2025-01-03 08:55:35"
367105,"I.M. Johnston",s.d.,,"Pectocarya recurvata",1,"I. M.Johnston",Pectocarya,recurvata,,,,,urn:uuid:e67b7c0f-374d-4b34-b002-45ae4619139c,"2023-07-16 05:07:11"
367108,,,,"Pectocarya recurvata",1,Jtn.,,,,,,,urn:uuid:1a807829-d60c-41c0-8f4f-2507be64303d,"2025-01-03 08:55:35"
367108,,s.d.,,"Pectocarya recurvata",1,Jtn.,,,,,,,urn:uuid:f26fb0b2-3b3c-4210-9751-28e4dcf2309d,"2024-06-03 09:27:35"
367108,unknown,s.d.,,"Pectocarya recurvata",1,"I. M.Johnston",Pectocarya,recurvata,,,,,urn:uuid:72d806c5-41bb-40bb-8d6f-d2048e8297a8,"2023-07-16 05:07:11"
400410,,,,"Pectocarya recurvata",1,Jtn.,,,,,,,urn:uuid:ace8f5e9-74a0-4ecb-8d34-7c089315e391,"2025-01-03 08:55:35"
400410,,s.d.,,"Pectocarya recurvata",1,Jtn.,,,,,,,urn:uuid:da6184ab-a29d-457f-a333-a5ef9b4fe3c0,"2024-06-03 09:27:35"
400410,unknown,s.d.,,"Pectocarya recurvata",1,"I. M.Johnston",Pectocarya,recurvata,,,,,urn:uuid:3c041364-dbbc-42b9-899e-748fa3c37e8c,"2023-07-16 05:07:11"
411847,,,,"Pectocarya recurvata",1,Jtn.,,,,,,,urn:uuid:de85f381-1372-470e-80aa-b6d45f432f84,"2025-01-03 08:55:35"
411847,,s.d.,,"Pectocarya recurvata",1,Jtn.,,,,,,,urn:uuid:bfd2742e-0150-4fef-9ba8-0d284a8dc965,"2024-06-03 09:27:35"
411847,unknown,s.d.,,"Pectocarya recurvata",1,"I. M.Johnston",Pectocarya,recurvata,,,,,urn:uuid:c3a26cee-2fb2-46a2-8dfc-c7349f234630,"2023-07-16 05:07:11"
2789585,"C. R. Annable",1995,,"Pectocarya recurvata",1,I.M.Johnst.,Pectocarya,recurvata,,,,,urn:uuid:edcb6192-4598-46a8-aa4d-8a3a2a17e74e,"2023-07-16 05:07:11"
29074845,unknown,s.d.,,"Pectocarya recurvata",1,I.M.Johnst.,Pectocarya,recurvata,,,,,urn:uuid:8582a0fe-5dc6-462c-9a28-1c99c7f39364,"2023-07-16 05:07:11"
6642404,unknown,s.d.,,"Pectocarya recurvata",1,"I.M. Johnston",Pectocarya,recurvata,,,,,urn:uuid:f7b778e8-ce33-4aaf-91a8-cb43f8852e5d,"2023-07-16 05:07:11"
3363981,unknown,s.d.,,"Pectocarya recurvata",1,"I.M. Johnston",Pectocarya,recurvata,,,,,urn:uuid:9a417c32-95ab-4faa-b8b6-67052f44838b,"2023-07-16 05:07:11"
3374929,unknown,s.d.,,"Pectocarya recurvata",1,"I.M. Johnston",Pectocarya,recurvata,,,,,urn:uuid:914d41db-e14b-4cbb-97f4-0b65c4a65903,"2023-07-16 05:07:11"
4142882,unknown,s.d.,,"Pectocarya recurvata",1,"I.M. Johnston",Pectocarya,recurvata,,,,,urn:uuid:fe843aa7-30aa-46a8-ad27-628f9372f095,"2023-07-16 05:07:11"
4175042,"Julia Fonseca","march 8, 2014",,"Pectocarya recurvata",1,"I.M. Johnston",Pectocarya,recurvata,,,,,urn:uuid:aeb26260-8c14-47a5-bbe9-5ced7543d103,"2023-07-16 05:07:11"
6188534,"Julia Fonseca",s.d.,,"Pectocarya recurvata",1,"I.M. Johnston",Pectocarya,recurvata,,,,,urn:uuid:d81ca00c-9ea8-4c73-ab4d-6392eb2b8c2d,"2023-07-16 05:07:11"
6188541,unknown,s.d.,,"Pectocarya recurvata",1,"I.M. Johnston",Pectocarya,recurvata,,,,,urn:uuid:d8b97416-ff2a-4d85-9099-644cb8a24c9b,"2023-07-16 05:07:11"
6332489,"Julia Fonseca",s.d.,,"Pectocarya recurvata",1,"I.M. Johnston",Pectocarya,recurvata,,,,,urn:uuid:bfef1f88-34f4-4beb-98a9-0c872204afbf,"2023-07-16 05:07:11"
13764376,unknown,s.d.,,"Pectocarya recurvata",1,"I.M. Johnston",Pectocarya,recurvata,,,,,urn:uuid:ac988973-d1a1-42a7-ab64-68d1529df80d,"2023-07-16 05:07:11"
19853936,unknown,s.d.,,"Pectocarya recurvata",1,"I.M. Johnston",Pectocarya,recurvata,,,,,urn:uuid:e05f7958-c8ac-4c2b-b372-c41d57796026,"2023-07-16 05:07:11"
24349899,"Jim Verrier",s.d.,,"Pectocarya recurvata",1,"I.M. Johnston",Pectocarya,recurvata,,,,,urn:uuid:491c16df-4da3-4f2e-b057-281ae95cc1a1,"2023-07-16 05:07:11"
24856585,unknown,s.d.,,"Pectocarya recurvata",1,"I.M. Johnston",Pectocarya,recurvata,,,,,urn:uuid:f8731800-b081-4782-bf99-37c08c474740,"2023-07-16 05:07:11"
29919062,unknown,s.d.,,"Pectocarya recurvata",1,"I.M. Johnston",Pectocarya,recurvata,,,,,urn:uuid:410df37e-24e1-46ff-b5d0-8b8bab237f11,"2023-07-16 05:07:11"
1941994,"Bensusan, D.E.",s.d.,,"Pectocarya recurvata",1,"I.M. Johnston",Pectocarya,recurvata,,,,,urn:uuid:811b9d9c-6595-45f0-badb-42f30c240a48,"2023-07-16 05:07:11"
1943666,"Hammond, H. D.",2000,,"Pectocarya recurvata",1,"I.M. Johnston",Pectocarya,recurvata,,,,,urn:uuid:8dd78ffd-7a8f-402b-a378-82a2df8cffd5,"2023-07-16 05:07:11"
6086881,"Porter, J. Mark",s.d.,,"Pectocarya recurvata",1,"I.M. Johnston",Pectocarya,recurvata,,,,,urn:uuid:55a7ce7c-5a55-4f3e-8c1f-0d8725d8dad1,"2023-07-16 05:07:11"
6092613,"Porter, J. Mark",s.d.,,"Pectocarya recurvata",1,"I.M. Johnston",Pectocarya,recurvata,,,,,urn:uuid:80ed2e9e-f067-4c9f-85ac-4f50b0a3097e,"2023-07-16 05:07:11"
10898348,unknown,s.d.,,"Pectocarya recurvata",1,"I.M. Johnst.",Pectocarya,recurvata,,,,,urn:uuid:cf28fc6f-6f80-4a8d-982a-530f6db667db,"2023-07-16 05:07:11"
10902920,"James S. Miller (MO)",s.d.,,"Pectocarya recurvata",1,"I.M. Johnst.",Pectocarya,recurvata,,,,,urn:uuid:a785f953-7df9-4741-ab3c-f965ee53a13f,"2023-07-16 05:07:11"
15364630,unknown,s.d.,,"Pectocarya recurvata",1,"I.M. Johnston",Pectocarya,recurvata,,,,,urn:uuid:e2e69d84-4077-49bb-be9f-ac5575c82107,"2023-07-16 05:07:11"
15364767,unknown,s.d.,,"Pectocarya recurvata",1,"I.M. Johnston",Pectocarya,recurvata,,,,,urn:uuid:b486291a-377e-4cc4-8a68-8e6293f4ba32,"2023-07-16 05:07:11"
24869501,unknown,s.d.,,"Pectocarya recurvata",1,"I.M. Johnston",Pectocarya,recurvata,,,,,urn:uuid:297a9c35-38c9-45ee-9f7c-5388eb6fbccd,"2023-07-16 05:07:11"
24869895,unknown,s.d.,,"Pectocarya recurvata",1,"I.M. Johnston",Pectocarya,recurvata,,,,,urn:uuid:6e7389d6-b941-4a5b-88a2-272a38b26b0c,"2023-07-16 05:07:11"
24913815,unknown,s.d.,,"Pectocarya recurvata",1,"I.M. Johnston",Pectocarya,recurvata,,,,,urn:uuid:0a7d6ea7-4161-4937-ab61-cef100e4473b,"2023-07-16 05:07:11"
24913904,unknown,s.d.,,"Pectocarya recurvata",1,"I.M. Johnston",Pectocarya,recurvata,,,,,urn:uuid:d70fe360-b42b-4e29-aa2b-5a2cc4f1336d,"2023-07-16 05:07:11"
25110213,unknown,s.d.,,"Pectocarya recurvata",1,"I.M. Johnston",Pectocarya,recurvata,,,,,urn:uuid:4cb5704f-1b5a-4bdf-a21c-b5a2de920d9c,"2023-07-16 05:07:11"
26823889,unknown,s.d.,,"Pectocarya recurvata",1,"I.M. Johnston",Pectocarya,recurvata,,,,,urn:uuid:8d614d9e-5b21-45f1-8c1f-92b811536d95,"2023-07-16 05:07:11"
26824000,unknown,s.d.,,"Pectocarya recurvata",1,"I.M. Johnston",Pectocarya,recurvata,,,,,urn:uuid:d9c8d2c2-5599-4f53-a658-b036fbe2aac4,"2023-07-16 05:07:11"
26824091,unknown,s.d.,,"Pectocarya recurvata",1,"I.M. Johnston",Pectocarya,recurvata,,,,,urn:uuid:ad76b1c0-cd89-434d-9698-ab43ee0e7244,"2023-07-16 05:07:11"
26824317,unknown,s.d.,,"Pectocarya recurvata",1,"I.M. Johnston",Pectocarya,recurvata,,,,,urn:uuid:057d49e6-e66b-49e4-9618-77322720ec44,"2023-07-16 05:07:11"
32382032,,s.d.,,"Pectocarya recurvata",1,"I.M. Johnston",,,,,,,urn:uuid:5c3ae077-4e61-4001-a8a9-cb4d2bab2301,"2024-03-29 10:59:43"
8623497,"Originally named Pectocarya linearis, annotated to Pectocary",s.d.,,"Pectocarya recurvata",1,"I.M. Johnston",,,,,,,urn:uuid:ec14f1de-0d68-4f11-b677-f8e43fd5c346,"2023-06-27 13:24:24"
8623497,"Originally named Pectocarya linearis, annotated to Pectocarya recurvata by DJK in 2014",s.d.,,"Pectocarya recurvata",1,"I. M.Johnston",Pectocarya,recurvata,,,,,urn:uuid:26e5f538-b120-4af6-b208-7242d85d1d57,"2023-07-16 05:07:11"
16512557,unknown,s.d.,,"Pectocarya recurvata",1,"I.M. Johnst.",Pectocarya,recurvata,,,,,urn:uuid:caacb893-8652-404b-bf1e-39889ddd7580,"2023-07-16 05:07:11"
16512563,unknown,s.d.,,"Pectocarya recurvata",1,"I.M. Johnst.",Pectocarya,recurvata,,,,,urn:uuid:bfeec6a4-bb67-445e-a3fd-2ab8507611f5,"2023-07-16 05:07:11"
16512564,unknown,s.d.,,"Pectocarya recurvata",1,"I.M. Johnst.",Pectocarya,recurvata,,,,,urn:uuid:9e6f89be-4ef4-418f-85f1-c01abee06857,"2023-07-16 05:07:11"
22196616,"J. F. Wiens",s.d.,,"Pectocarya recurvata",1,"I.M. Johnston",Pectocarya,recurvata,,,,,urn:uuid:e6e5bd74-ad9c-4d89-8f43-4b9353b29ca1,"2023-07-16 05:07:11"
28831548,"Barbara Veno, 1983",s.d.,,"Pectocarya recurvata",1,"I. M.Johnston",,,,,,,urn:uuid:b2419752-1db5-4a47-bf5d-e7a580934a71,"2023-06-19 13:57:28"
29434537,unknown,s.d.,,"Pectocarya recurvata",1,"I. M.Johnston",,,,,,,urn:uuid:c54a415a-373d-4d8b-8b27-4e3af45ffec0,"2022-12-28 16:17:54"
31112842,"Mariah Stover",2023,,"Pectocarya recurvata",1,"I.M. Johnston",Pectocarya,recurvata,,,,,urn:uuid:fe206cb3-07ae-4d65-8021-845ad1638b3e,"2023-07-16 05:07:11"
